Years,reg1,reg2,reg3
1963,134,199,141
1964,146,200,129
1965,142,210,129
1966,113,166,99
1967,112,179,119
1968,119,177,121
1969,97,175,114
1970,100,203,121
1971,127,270,176
1972,130,305,187
1973,120,257,161
1974,103,207,139
1975,106,222,150
1976,128,247,199
1977,162,317,255
1978,145,331,262
1979,112,304,225
1980,81,267,145
1981,60,219,112
1982,48,219,99
1983,71,323,152
1984,76,309,160
1985,82,323,171
1986,96,322,196
1987,97,271,186
1988,97,276,202
1989,102,260,202
1990,89,225,149
1991,93,215,144
1992,116,259,170
1993,123,295,188
1994,123,295,191
1995,125,300,187
1996,137,337,209
1997,140,363,223
1998,164,398,243
1999,168,395,242
2000,155,406,244
2001,164,439,239
2002,185,450,273
2003,189,511,307
2004,210,562,348
2005,205,638,358
2006,161,559,267
2007,118,411,181
2008,70,266,114
2009,54,202,87
2010,45,173,74
2011,45,168,72
2012,47,195,97
2013,61,233,105
2014,59,243,108
2015,61,286,130
2016,69,318,142
2017,72,339,163
2018,76,348,160
